phonenumber,address,email
8362856246,214 11-street Aurora CA 73775,rbreland@golddex.com
1915932260,618 13-street Arlington LA 21148,vyglesias@zathunicon.com
8597075461,311 18-street Riverside TX 78345,rtillotson@stanredtax.com
9499464548,7991 13-street San Jose CA 60944,edhamer@zoomit.com
5471127807,6427 12-street Chesapeake AZ 25387,ainouye@xx-zobam.com
7333988849,725 10-street Washington MA 19656,wogg@silis.com
5329767652,362 7-street San Diego CA 69370,cyum@donquadtech.com
906069863,8176 5-street Norfolk NC 34287,lsengbusch@green-plus.com
4735065328,8307 3-street Pittsburgh AK 81537,cfredicks@conecom.com
1793866614,9782 3-street Boston TN 27290,nkonopacki@donquadtech.com
1667017314,6056 3-street Scottsdale NV 43752,
2536791037,5312 8-street Sacramento CA 25584,cheintzman@openlane.com
951707089,5349 1-street El Paso TX 63070,
6131183504,5462 18-street Irvine NC 38666,jhoa@funholding.com
1139788123,3055 19-street San Diego CA 72570,ebuzick@inity.com
6515736908,7522 18-street San Jose CA 25052,mbutt@stanredtax.com
7503991134,813 17-street Bakersfield FL 96230,cdickerson@zoomit.com
9593648296,3615 9-street Fremont ID 11222,mtomasulo@konmatfix.com
2925384359,5957 6-street Portland NV 40510,cwitten@stanredtax.com
4759037506,6966 19-street Sacramento CA 91762,esuffield@sunnamplex.com
2608043737,300 15-street Fort Worth TX 90508,dnicolozakes@iselectrics.com
574711693,5266 14-street Tampa HI 96649,tberlanga@year-job.com
7379937323,3247 7-street Fresno CA 4263,llacovara@ganjaflex.com
1221846532,8776 9-street Chandler TX 33207,ehaufler@rangreen.com
1044404805,1510 13-street El Paso TX 26494,kankeny@statholdings.com
1300567348,7621 2-street Kansas City AZ 29870,agotter@xx-holding.com
440114244,3411 18-street Toledo NC 33178,jthreets@plexzap.com
5543331462,8625 12-street North Las Vegas CA 94634,lparlato@donware.com
435203758,1761 8-street Lexington-Fayette PA 83393,bcolaizzo@dambase.com
5409727362,1109 19-street Indianapolis IN 64043,gcantres@doncon.com
3592084297,2364 10-street Arlington LA 60462,sdrymon@faxquote.com
5774993810,3848 10-street Portland NV 35444,lkulzer@doncon.com
3546386263,9433 17-street Arlington LA 50692,szagen@year-job.com
1876735707,7682 2-street Louisville/Jefferson County OR 77213,gmastella@zencorporation.com
9184935689,8056 10-street Dallas TX 27165,smiceli@yearin.com
3630610787,1343 7-street Las Vegas WI 34902,hfigeroa@conecom.com
1492372600,3704 14-street Anaheim CA 6679,aandreason@newex.com
1184653690,2594 4-street Aurora CA 71878,psweigard@newex.com
5602119226,3961 9-street Hialeah NV 92257,sfredicks@plexzap.com
9282367380,7221 20-street New Orleans CA 89957,
2714111010,5257 8-street Seattle WA 29115,mdopico@finjob.com
4715954992,8498 3-street Henderson NE 76098,jdopico@lexiqvolax.com
8593039077,8001 15-street Durham WI 35246,jriopelle@rantouch.com
4768268545,2022 4-street Austin TX 87800,smartabano@xx-holding.com
4187293928,2866 15-street Lubbock CA 18982,tshinko@zumgoity.com
6908036508,6277 11-street Toledo NC 6697,lmelnyk@treequote.com
3914162377,5846 17-street Houston TX 97848,loldroyd@zoomit.com
1287400647,7506 20-street Greensboro NJ 69943,ddrymon@rantouch.com
508064495,3379 11-street Dallas TX 25652,blipkin@betatech.com
3843925230,2118 14-street Henderson NE 74885,mmaillard@xx-holding.com
8341217590,5484 2-street New York NY 36811,cgellinger@mathtouch.com
9928205618,6654 2-street Indianapolis IN 36195,
4480745325,8729 9-street Phoenix AZ 98157,fwolny@j-texon.com
3404616078,9388 1-street Las Vegas WI 22869,sscriven@plusstrip.com
1167347296,4774 21-street Atlanta CO 44304,oyglesias@plussunin.com
6461443016,9382 20-street Santa Ana MO 74784,mwaycott@singletechno.com
4918225437,3826 4-street Irving AZ 98039,imunns@rantouch.com
821858917,4999 14-street Jersey City CA 53620,sliukko@zoomit.com
4617668061,5047 14-street Aurora CA 31477,lbrossart@silis.com
2212004410,3051 20-street Chula Vista IN 98495,chagele@dalttechnology.com
2689315292,4421 13-street Boston TN 97688,cbutt@betasoloin.com
2201698109,4488 15-street Winston-Salem AZ 98732,jcastros@goodsilron.com
7668191481,102 10-street Raleigh FL 64542,dpaprocki@cancity.com
1125166542,4305 20-street Omaha NC 34070,tmcdoniel@condax.com
1172917404,3849 12-street Stockton OH 50069,awieser@green-plus.com
6557393050,9206 1-street Tampa HI 47311,cschemmer@domzoom.com
1233189579,6298 2-street Houston TX 53471,hhamilton@treequote.com
1242693102,6844 20-street Atlanta CO 59262,tstrassner@streethex.com
3429381349,8864 16-street Stockton OH 17938,hengelberg@plussunin.com
1143314532,8658 8-street Lubbock CA 93056,ospickerman@streethex.com
1144830813,9172 14-street Riverside TX 84244,ldegroot@silis.com
9974383011,5452 15-street Las Vegas WI 34551,gbiddy@streethex.com
8675485710,679 20-street St. Louis CA 72983,
5826152725,7738 19-street San Antonio TX 40443,rmonterrubio@zathunicon.com
2418025655,5672 5-street Oakland MN 23380,sstuer@gogozoom.com
1154756272,448 8-street Austin TX 1739,bfallick@betatech.com
8127738324,8175 19-street Mesa VA 62788,njillson@rantouch.com
7319698975,1589 14-street Nashville-Davidson MD 61402,eauber@newex.com
559525544,2543 13-street Madison TX 63101,alayous@streethex.com
1020606889,6046 14-street North Las Vegas CA 18448,fcaudy@plusstrip.com
3172362872,9374 3-street New Orleans CA 37300,prentfro@zencorporation.com
6581179280,3198 10-street Phoenix AZ 15296,lmaillard@stanredtax.com
1101712519,8622 19-street Irving AZ 69507,hfigeroa@sonron.com
288261656,74 10-street Seattle WA 75487,jrentfro@xx-zobam.com
1691240986,1699 20-street Dallas TX 2297,ddrymon@codehow.com
5212394098,879 20-street Charlotte NC 5450,kkines@mathtouch.com
9419130609,1515 11-street Minneapolis OK 7866,ahixenbaugh@golddex.com
8257606186,3547 19-street Glendale TX 79909,kskursky@doncon.com
9529868860,4047 9-street Fremont ID 34236,lsaras@codehow.com
384435402,8055 21-street Reno VA 55478,jcanlas@ontomedia.com
7563155732,3 11-street Gilbert LA 72475,xscriven@inity.com
3888701538,2765 14-street Charlotte NC 7324,lpadilla@openlane.com
9789285609,7607 21-street Cincinnati MN 5167,ddilliard@stanredtax.com
6208809989,3785 3-street Seattle WA 72196,gbeech@plusstrip.com
7530246277,1067 12-street Stockton OH 33220,rdarakjy@ontomedia.com
717780062,6963 19-street Denver CO 27240,lkeetch@green-plus.com
6924612766,248 3-street Nashville-Davidson MD 45518,eshields@condax.com
8778996141,3235 3-street Oklahoma City KY 82705,osteffensmeier@sonron.com
2684083167,8265 18-street Austin TX 47788,ddopico@dontechi.com
1815170019,5462 15-street Louisville/Jefferson County OR 38378,wuyetake@streethex.com
1818417064,1397 6-street Milwaukee NM 60245,rhughey@finhigh.com
7113525610,6392 12-street Stockton OH 2326,qhagele@plussunin.com
8726406830,4455 20-street Norfolk NC 26582,imaclead@funholding.com
8954098677,9497 18-street Washington MA 29696,mtoelkes@rangreen.com
8451538520,6238 14-street Tucson CA 41426,bflister@silis.com
6519084776,277 11-street Miami CA 85953,tdilliard@zathunicon.com
6810891405,6636 5-street San Antonio TX 2101,mzepp@donware.com
2303634673,5904 15-street Tulsa OH 22814,
7792219752,3133 8-street Colorado Springs NE 52304,lbiddy@sumace.com
3996078555,4800 11-street Tulsa OH 74569,hleinenbach@statholdings.com
9823936856,7619 5-street Colorado Springs NE 93387,cemard@zoomit.com
1511038100,8173 12-street Long Beach MO 28816,tsarbacher@j-texon.com
6731482325,4038 9-street Chesapeake AZ 34086,conofrio@goodsilron.com
4406556603,430 8-street Plano NV 86762,sferencz@xx-zobam.com
902070166,5179 20-street Newark TX 33972,cvanausdal@isdom.com
7748894677,7220 19-street Kansas City AZ 29178,dhollack@singletechno.com
4905529608,848 10-street Stockton OH 16715,cgabisi@condax.com
2413427937,4820 18-street Chicago IL 68021,nhalter@singletechno.com
2170210866,1159 9-street Las Vegas WI 58119,gdallen@mathtouch.com
8312972609,4339 17-street Miami CA 43700,lfrancescon@iselectrics.com
1898337879,6415 16-street Phoenix AZ 31575,ekorando@dalttechnology.com
931861410,2515 16-street Albuquerque AZ 20955,jdorshorst@labdrill.com
8183426972,4744 3-street New York NY 67976,gbourbon@plexzap.com
4306328339,6260 7-street Detroit MI 54536,ddilliard@gogozoom.com
4538841592,7054 11-street Scottsdale NV 93273,dperruzza@mathtouch.com
630062942,4540 7-street Laredo VA 57518,crim@zumgoity.com
252537201,8021 5-street Glendale TX 93038,crhym@sonron.com
4249125767,1743 12-street Boise City VA 136,rbuvens@singletechno.com
5519218700,2049 14-street San Jose CA 43098,gswayze@plusstrip.com
8735285394,577 16-street Virginia Beach GA 22984,hjurney@donware.com
9624346086,5817 20-street Tucson CA 77673,nleto@funholding.com
4238032546,8840 8-street Bakersfield FL 11856,vgabisi@statholdings.com
7796209189,3417 3-street Laredo VA 47830,kpoquette@kan-code.com
3766499174,4448 18-street Stockton OH 20896,loldroyd@betatech.com
9725616123,6131 5-street Henderson NE 76813,ltromblay@iselectrics.com
1775325211,9380 20-street Laredo VA 78296,cfoller@bioholding.com
2410582174,2329 14-street Baton Rouge TX 4996,mdickerson@doncon.com
1474065656,6838 4-street Charlotte NC 54373,ymeinerding@stanredtax.com
8760313153,2992 1-street Santa Ana MO 75871,dpalaia@xx-holding.com
1387483181,6348 16-street Wichita TX 90763,
7426212119,5373 1-street Omaha NC 92888,fkusko@kan-code.com
387395571,3912 12-street Fremont ID 71078,
1459457367,1458 21-street Austin TX 75446,jsuell@funholding.com
580743289,7071 1-street Irving AZ 15760,sdewar@scottech.com
7654632414,9155 17-street Gilbert LA 74521,aruta@labdrill.com
7128511197,9340 3-street Orlando FL 99356,tcookey@finjob.com
4660937524,8693 2-street Chesapeake AZ 79587,lschmaltz@dalttechnology.com
3282735182,2462 6-street Fremont ID 42038,rmonterrubio@green-plus.com
2316653638,1301 5-street Colorado Springs NE 48404,hsaylors@gogozoom.com
6880971528,964 19-street St. Petersburg AZ 33292,
3740279441,3872 10-street Tulsa OH 67199,chaufler@streethex.com
5563624118,7721 18-street Baltimore OK 41836,smadarang@rantouch.com
1852060442,8801 18-street Buffalo NJ 90135,ahidvegi@fasehatice.com
6166959529,4992 5-street Irvine NC 23778,dmaisto@yearin.com
7981674793,3993 20-street Detroit MI 63375,lragel@xx-zobam.com
8329388125,1645 18-street Las Vegas WI 73936,
1126906148,2460 19-street Laredo VA 70047,hfrey@groovestreet.com
397005212,6603 12-street Kansas City AZ 28223,srhym@dontechi.com
8382211466,409 4-street Laredo VA 66999,lhanafan@sonron.com
8634373082,3107 2-street Oakland MN 32629,afarrow@labdrill.com
2387266959,5850 8-street Columbus OH 83937,wkohl@sonron.com
510521307,1422 15-street Baltimore OK 10385,srantanen@treequote.com
5694805481,4411 14-street Stockton OH 65997,rgehrett@konex.com
3677389687,1928 2-street Tulsa OH 61617,
2339994772,6465 4-street El Paso TX 59785,mdinos@conecom.com
4951624688,242 4-street Baton Rouge TX 55642,tbaltimore@rangreen.com
1134310617,1017 19-street Winston-Salem AZ 96346,kkarpel@xx-zobam.com
2389609428,2796 11-street Fort Worth TX 39236,darias@streethex.com
2639300368,1708 10-street Reno VA 84881,plindall@plusstrip.com
212694798,8466 11-street New Orleans CA 22457,
4632280861,1509 9-street Houston TX 84090,ecorrio@ganjaflex.com
9869492669,1040 5-street Newark TX 30851,rbrideau@goodsilron.com
8171982726,7614 7-street Baltimore OK 35496,fkarpel@j-texon.com
1929123793,7287 1-street Bakersfield FL 19496,rdilliard@faxquote.com
8926238928,5065 11-street San Antonio TX 83467,efigeroa@rantouch.com
1085763089,9693 2-street Gilbert LA 94538,lshinko@doncon.com
781888153,2477 15-street Arlington LA 74749,mrentfro@plussunin.com
9235978331,4217 17-street Albuquerque AZ 78256,flipke@plusstrip.com
1338445077,2408 15-street Houston TX 31291,
654767806,1147 8-street Chicago IL 81884,scaudy@inity.com
1217674385,5226 18-street Corpus Christi KY 85177,lclaucherty@year-job.com
730456286,8708 19-street Orlando FL 55628,
6572955919,112 18-street St. Louis CA 18984,aabdallah@dontechi.com
8866201482,3624 2-street Henderson NE 6239,linouye@finjob.com
6312967400,9024 8-street Lexington-Fayette PA 8615,hbutzen@goodsilron.com
5612118106,8898 4-street St. Paul OH 88833,ffrancescon@golddex.com
4762318058,5858 8-street Hialeah NV 23145,fwaymire@singletechno.com
1531717499,9036 7-street Irvine NC 46008,cbrossart@betasoloin.com
6468466355,7758 19-street Cleveland KS 54697,vbartolet@green-plus.com
2756495714,793 17-street San Antonio TX 40150,qbuzick@betasoloin.com
921533741,3914 1-street San Diego CA 5941,
8768610251,2598 2-street Los Angeles CA 72084,crentfro@faxquote.com
5744449668,6272 13-street Minneapolis OK 64295,ikolmetz@rundofase.com
3455651660,5760 5-street Irving AZ 54644,emiceli@finhigh.com
750913566,6012 4-street Buffalo NJ 65954,
7755636005,7409 2-street Lubbock CA 62340,jpugh@blackzim.com
9617191815,8073 5-street Minneapolis OK 56797,dhughey@warephase.com
5637867424,136 6-street Oklahoma City KY 50636,jfern@labdrill.com
9434742953,2361 2-street Nashville-Davidson MD 88454,wcandlish@golddex.com
1142353878,1835 18-street Baton Rouge TX 9367,rsergi@fasehatice.com