driver_lic,customerID,p_f_name,p_l_name
B5240692276,1,Gladys,Threets
B9701873535,2,Vilma,Giguere
C2530704207,3,Harrison,Patak
B0667673329,4,Caprice,Skulski
A9383285395,5,Tegan,Haufler
C8487820691,6,Janine,Riden
A7135730876,7,Gary,Poullion
D6534556524,8,Salome,Jurney
C6938144357,9,Cassi,Tagala
D4535340558,10,Stephaine,Caudy
A7656008373,11,Ammie,Hoa
C6697208198,12,Lorean,Mcrae
B1047114421,13,Vi,Royster
C6563700744,14,Ruthann,Waycott
A3706458629,15,Kris,Manno
C9725877677,16,Jess,Wieser
D5564091609,17,Refugia,Schoeneck
C2527866885,18,Glory,Luczki
C7749249695,19,Lindsey,Felger
D2205967267,20,Abel,Weirather
A0750292190,21,Leslie,Knipp
D1938774729,22,Herminia,Steffensmeier
A8857188903,23,Martina,Kitty
D7871290693,24,Georgene,Perruzza
A7974811992,25,Carmela,Regusters
B9153577327,26,Shalon,Manno
A4307733572,27,Selma,Hirpara
D3769942713,28,Elvera,Hoogland
D3516184517,29,Derick,Steffensmeier
B8267603424,30,Lezlie,Hidvegi
D5106706321,31,Dierdre,Cryer
C8387651854,32,Glory,Dallen
C5564885117,33,Lonny,Parvis
D0979557056,34,Donette,Hellickson
A2150826458,35,Vincent,Ennaco
A5182568516,36,Benedict,Vizarro
D5515926273,37,Jovita,Maynerich
D8406096764,38,Allene,Pagliuca
D8053038202,39,Ashlyn,Kownacki
D2440363626,40,Chantell,Amyot
B6594307920,41,Detra,Uyetake
D3405738399,42,Mattie,Degroot
D5191373192,43,Loren,Mccullan
D5493718870,44,Ty,Staback
A8301013876,45,Olive,Frerking
B1905472111,46,Dean,Kippley
B2503869534,47,Mireya,Upthegrove
D0328630274,48,Laurel,Mclaird
D9726048247,49,Sylvie,Fallick
D0985294389,50,Rikki,Oles
C2673914348,51,Tracey,Denooyer
A6562833622,52,Alisha,Springe
C6390913308,53,Casie,Gesick
D3341952649,54,Rozella,Zepp
D8356291718,55,Cecil,Riden
B7932999712,56,Eladia,Rantanen
D8269311874,57,Noah,Meinerding
C4785358885,58,Arlene,Birkner
B9479074244,59,Myra,Royster
A3410814072,60,Freeman,Paskin
C8349669264,61,Mattie,Reiber
A0923389692,62,Barrett,Sergi
A9824759625,63,Pamella,Arias
A1148700069,64,Xuan,Plumer
D8992895517,65,Helene,Miceli
D3677460785,66,Kayleigh,Goldammer
C3623479361,67,Britt,Restrepo
A2356695475,68,Rozella,Bowley
C0659557688,69,Yolando,Labreche
A0536865675,70,Charlene,Saras
A5224016442,71,Mitzie,Blunk
D6598074250,72,James,Lacovara
B3114961337,73,Cammy,Aquas
D8805924960,74,Veronika,Sawchuk
D4949425401,75,Daniela,Zagen
A1100965794,76,Sherita,Flister
B2456071697,77,Brett,Sturiale
B7250129830,78,Luisa,Rochin
D9868570966,79,France,Pawlowicz
D6887650752,80,Mariann,Gotter
B3493541660,81,Lili,Acey
C4721215300,82,Cassi,Mccullan
C2477021110,83,Vincent,Demesa
B5647927687,84,Elke,Varriano
C1874682232,85,Frederica,Candlish
C5820441797,86,Loreta,Discipio
B2831352575,87,Meaghan,Kannady
C8180681803,88,Ty,Hiatt
A8857026223,89,Celeste,Hidvegi
A1919786459,90,Irma,Loader
D0751253658,91,Sheridan,Neither
A2549561818,92,Alease,Vinning
A7476663773,93,Regenia,Buvens
C0315829968,94,Yoko,Nunlee
B0490229322,95,Maurine,Poquette
D3516713339,96,Maurine,Beech
C5684393032,97,Theodora,Modzelewski
C2451484744,98,Jani,Kiel
B8118245955,99,Kirk,Klusman
D9983832656,100,Eden,Calvaresi
D7197177558,101,Tyra,Kitty
C9883149255,102,Clay,Eroman
B6629932093,103,Carmelina,Lary
C2665896847,104,Alecia,Greenbush
A4195059665,105,Irma,Hughey
C8363248808,106,Kimberlie,Silvestrini
D9854901324,107,Belen,Kitty
A0301796521,108,Tresa,Karpel
B4329886405,109,Lorrine,Dickerson
C0199518923,110,Felicidad,Rulapaugh
C9607630052,111,Lizette,Oles
A0836288701,112,Dyan,Dallen
A2781606676,113,Margart,Koppinger
D4681815206,114,Kattie,Greenbush
D0369069698,115,Peggie,Thyberg
B8116028762,116,France,Gobern
A3642699140,117,Tiffiny,Zepp
B2391029488,118,Cammy,Kalafatis
D4268387122,119,Ryan,Shealy
B4430396935,120,Gayla,Jurney
A1652643602,121,Belen,Onofrio
B0529778191,122,Annelle,Andreason
D3639339127,123,Carmen,Perigo
D1263382492,124,Nan,Stem
C9468553584,125,Pamella,Honeywell
D9622429189,126,Gayla,Nestle
C8565047824,127,Nickolas,Wildfong
D2507219873,128,Tyra,Mulqueen
C7720975467,129,Elza,Diestel
B3135098307,130,Yuki,Rulapaugh
C5471875763,131,Fausto,Dallen
D3600877411,132,Ryan,Sama
A9499931848,133,Kirk,Lindall
D8119514417,134,Delisa,Perin
B4222493197,135,Layla,Steier
D8282569200,136,Lenna,Bubash
C2486363271,137,Laurel,Jeanty
C1301696678,138,Haydee,Beech
B1302071867,139,Lili,Lueckenbach
A9110995031,140,Lai,Ogg
A4114790699,141,Alease,Lipke
C8521553415,142,Cecilia,Dilello
C7405915994,143,Lynelle,Cronauer
D1203722082,144,Tiera,Emard
B4901838775,145,Twana,Timenez
B3560453812,146,Staci,Perin
C0550572802,147,Lavonda,Weglarz
B6287650227,148,Nickolas,Scriven
B7649567338,149,Britt,Arias
B9986557803,150,Jovita,Ankeny
B8560719297,151,Kayleigh,Upthegrove
C7966010586,152,Raina,Nicka
C7836526302,153,Laurel,Yum
B3613796899,154,Janine,Ennaco
C0840217146,155,Chau,Maile
A9501753054,156,Stevie,Maile
D4638312523,157,Margart,Lipkin
C5232024518,158,Kayleigh,Francescon
B4747383483,159,Kristeen,Rodefer
A0965866036,160,Garry,Merced
B8426722523,161,Stephane,Caldarera
A7394786391,162,Daron,Limmel
D8549360259,163,Albina,Herritt
A0943466017,164,Sage,Schirpke
A7336665337,165,Regenia,Paskin
A5920668662,166,Elza,Demesa
A6107738399,167,Ernest,Ehmann